activity_id,assay_chembl_id,molecule_chembl_id,type,standard_units,relation,standard_value,target_chembl_id,target_organism,assay_description,assay_type,smiles,clint,units,assay_class
2608861,CHEMBL1010635,CHEMBL471404,CL,mL.min-1.g-1,=,2.2,CHEMBL612558,,Metabolic stability in dog hepatocytes assessed as intrinsic clearance,A,CC(C)CC[C@@]1(C)C(=O)C(C2=NS(=O)(=O)c3cc(NS(C)(=O)=O)ccc3N2)=C([O-])c2ccccc21.[Na+],0.0022,mL.min-1.kg-1,hepatocyte_dog
2608862,CHEMBL1010635,CHEMBL471405,CL,mL.min-1.g-1,=,0.5,CHEMBL612558,,Metabolic stability in dog hepatocytes assessed as intrinsic clearance,A,CC(C)(C)CC[C@@]1(C)C(=O)C(C2=NS(=O)(=O)c3cc(NS(C)(=O)=O)ccc3N2)=C([O-])c2ccccc21.[Na+],0.0005,mL.min-1.kg-1,hepatocyte_dog
2945312,CHEMBL1040533,CHEMBL575966,CL,mL.min-1.kg-1,=,90.0,CHEMBL612558,,Intrinsic clearance in dog hepatocytes,A,Cc1onc(-c2ccccc2Cl)c1C(=O)N(C)c1ccc(Cl)cc1,90.0,mL.min-1.kg-1,hepatocyte_dog
2946304,CHEMBL1040533,CHEMBL576138,CL,mL.min-1.kg-1,=,111.0,CHEMBL612558,,Intrinsic clearance in dog hepatocytes,A,Cc1ccc(N(C)C(=O)c2c(-c3ccccc3Cl)noc2C)cc1Cl,111.0,mL.min-1.kg-1,hepatocyte_dog
3080399,CHEMBL1069975,CHEMBL594717,CL,mL.min-1.kg-1,=,41.0,CHEMBL612558,,Intrinsic clearance in dog hepatocyte at 1 mM,A,Cc1ccc(F)cc1CO[C@H]1CCc2ccc(N3CCNC[C@H]3C)nc21,41.0,mL.min-1.kg-1,hepatocyte_dog
5159083,CHEMBL1657035,CHEMBL1649659,CL,mL.min-1.g-1,=,2.6,CHEMBL612558,,Intrinsic clearance in cryopreserved dog hepatocytes assessed per gram of tissue,A,O=C(c1ccc(-n2nc(C(F)(F)F)c3c2CCCC3)cc1)N1CCCC1,0.0026,mL.min-1.kg-1,hepatocyte_dog
6329663,CHEMBL1820297,CHEMBL1818341,CL,mL.min-1.kg-1,=,29.6,CHEMBL612558,,"Clearance in dog hepatocytes at 1 mg/kg, iv",A,CC(C)CNCc1ccc(-c2ccccc2S(=O)(=O)N2CCCC2)cc1,29.6,mL.min-1.kg-1,hepatocyte_dog
6381703,CHEMBL1839225,CHEMBL1836215,CL,mL.min-1.g-1,=,30.0,CHEMBL612558,,Intrinsic clearance in dog hepatocytes,A,Cc1c(-c2noc(-c3ccc(OC(C)C)c(C#N)c3)n2)ccc2c1CCN(C(CO)CO)C2,0.03,mL.min-1.kg-1,hepatocyte_dog
10840323,CHEMBL2014803,CHEMBL2012958,CL,mL.min-1.kg-1,=,12.0,CHEMBL612558,,Clearance in dog hepatocytes by LC-MS/MS analysis,A,Cc1nc2c(C#N)cccc2n1-c1ccc(C(=O)NC2CC2)s1,12.0,mL.min-1.kg-1,hepatocyte_dog
12163715,CHEMBL2185636,CHEMBL2017291,CL,mL.min-1.kg-1,=,9.8,CHEMBL612558,,Intrinsic clearance in dog hepatocytes assessed per mg of protein at 0.5 uM after 30 mins,A,COc1cc2c(cc1-c1c(C)noc1C)ncc1[nH]c(=O)n([C@H](C)c3ccccn3)c12,9.8,mL.min-1.kg-1,hepatocyte_dog
12163716,CHEMBL2185636,CHEMBL2017281,CL,mL.min-1.kg-1,=,8.0,CHEMBL612558,,Intrinsic clearance in dog hepatocytes assessed per mg of protein at 0.5 uM after 30 mins,A,COc1cc2c(Nc3cccc4cccnc34)c(C(N)=O)cnc2cc1-c1c(C)noc1C,8.0,mL.min-1.kg-1,hepatocyte_dog
13330683,CHEMBL2390385,CHEMBL2386636,CL,mL.min-1.kg-1,=,11.0,CHEMBL612558,,Metabolic stability in dog hepatocytes assessed as hepatic clearance,A,C[C@@H](O)c1nc2cnc3[nH]ccc3c2n1[C@H]1CC[C@H](CCC#N)CC1,11.0,mL.min-1.kg-1,hepatocyte_dog
13330684,CHEMBL2390385,CHEMBL2386635,CL,mL.min-1.kg-1,=,12.0,CHEMBL612558,,Metabolic stability in dog hepatocytes assessed as hepatic clearance,A,C[C@@H](O)c1nc2cnc3[nH]ccc3c2n1[C@H]1CC[C@H](CC#N)CC1,12.0,mL.min-1.kg-1,hepatocyte_dog
13330685,CHEMBL2390385,CHEMBL2386633,CL,mL.min-1.kg-1,=,3.0,CHEMBL612558,,Metabolic stability in dog hepatocytes assessed as hepatic clearance,A,C[C@@H](O)c1nc2cnc3[nH]ccc3c2n1[C@H]1CC[C@H](C#N)CC1,3.0,mL.min-1.kg-1,hepatocyte_dog
13330686,CHEMBL2390385,CHEMBL2385096,CL,mL.min-1.kg-1,=,9.8,CHEMBL612558,,Metabolic stability in dog hepatocytes assessed as hepatic clearance,A,C[C@@H](O)c1nc2cnc3[nH]ccc3c2n1[C@H]1CC[C@@H](NCC(F)(F)F)C1,9.8,mL.min-1.kg-1,hepatocyte_dog
13330687,CHEMBL2390385,CHEMBL2386629,CL,mL.min-1.kg-1,=,2.3,CHEMBL612558,,Metabolic stability in dog hepatocytes assessed as hepatic clearance,A,C[C@@H](O)c1nc2cnc3[nH]ccc3c2n1[C@H]1CC[C@H](NCC(F)(F)F)CC1,2.3,mL.min-1.kg-1,hepatocyte_dog
13330688,CHEMBL2390385,CHEMBL2386653,CL,mL.min-1.kg-1,=,4.9,CHEMBL612558,,Metabolic stability in dog hepatocytes assessed as hepatic clearance,A,C[C@@H](O)c1nc2cnc3[nH]ccc3c2n1[C@H]1CCCOC1,4.9,mL.min-1.kg-1,hepatocyte_dog
13378310,CHEMBL2405369,CHEMBL2403317,CL,mL.min-1.kg-1,=,4.2,CHEMBL612558,,Clearance in dog hepatocytes,A,COc1ccnc(Oc2ccc3c(c2)c(=O)ncn3Cc2c(F)cc(F)cc2F)c1C(F)(F)F,4.2,mL.min-1.kg-1,hepatocyte_dog
13406705,CHEMBL2415711,CHEMBL2216902,CL,mL.min-1.kg-1,=,6.2,CHEMBL612558,,Clearance in dog hepatocytes,A,CC(C)c1nc2ccccc2n1-c1nc(N2CCOCC2)c2nc(OC3CN(C4CCS(=O)(=O)CC4)C3)n(C)c2n1,6.2,mL.min-1.kg-1,hepatocyte_dog
13946357,CHEMBL3131728,CHEMBL3125648,CL,mL.min-1.kg-1,=,30.0,CHEMBL612558,,Clearance in beagle dog hepatocytes at 0.5 uM after 120 mins by LC/MS/MS analysis,A,O=C(c1nn2c(C(F)(F)F)cc(C3CC3)cc2c1Cl)N1CCN([C@@H]2C[C@H]3C[C@H]3C2)C(=O)C1,30.0,mL.min-1.kg-1,hepatocyte_dog
14751930,CHEMBL3300823,CHEMBL3297762,CL,mL.min-1.kg-1,=,11.0,CHEMBL612558,,Intrinsic clearance in dog hepatocytes,A,CN1CCN(C[C@@H](NC(=O)C[C@H]2CNC(=O)c3cc(-c4cccc(Cl)c4)cn32)C2CCCCC2)CC1,11.0,mL.min-1.kg-1,hepatocyte_dog
15166773,CHEMBL3406736,CHEMBL2057915,CL,mL.min-1.kg-1,=,19.0,CHEMBL612558,,Clearance in dog hepatocytes after 20 to 60 mins by LC-MS/MS analysis,A,Cc1c(NC(=O)c2cc3c(s2)CCCC3)cccc1-c1cn(C)c(=O)c(Nc2ccc([C@@H]3C(=O)N(C)CCN3C)cc2)n1,19.0,mL.min-1.kg-1,hepatocyte_dog
15697499,CHEMBL3611892,CHEMBL3609749,CL,mL.min-1.kg-1,=,400.0,CHEMBL612558,,Intrinsic clearance in dog hepatocytes,A,COc1cc(-c2cn([C@H]3CCc4c(F)cccc4N(CC(F)(F)F)C3=O)nn2)ccc1-n1cnc(C)c1,400.0,mL.min-1.kg-1,hepatocyte_dog
15697500,CHEMBL3611892,CHEMBL3608384,CL,mL.min-1.kg-1,=,80.0,CHEMBL612558,,Intrinsic clearance in dog hepatocytes,A,Cc1cn(-c2ccc(-c3cn([C@H]4CCc5c(F)cccc5N(CC(F)(F)F)C4=O)nn3)cc2)cn1,80.0,mL.min-1.kg-1,hepatocyte_dog
15697501,CHEMBL3611892,CHEMBL3609752,CL,mL.min-1.kg-1,=,60.0,CHEMBL612558,,Intrinsic clearance in dog hepatocytes,A,COc1cc(-n2cnc(C)c2)ccc1-c1cn([C@H]2CCc3c(F)cccc3N(CC(F)(F)F)C2=O)nn1,60.0,mL.min-1.kg-1,hepatocyte_dog
15697502,CHEMBL3611892,CHEMBL3608385,CL,mL.min-1.kg-1,=,110.0,CHEMBL612558,,Intrinsic clearance in dog hepatocytes,A,Cc1cn(-c2ccc(-c3cn([C@H]4CCc5c(F)cccc5N(CC(F)(F)F)C4=O)nn3)cc2OCC(F)(F)F)cn1,110.0,mL.min-1.kg-1,hepatocyte_dog
15697503,CHEMBL3611892,CHEMBL3609754,CL,mL.min-1.kg-1,=,93.0,CHEMBL612558,,Intrinsic clearance in dog hepatocytes,A,Cc1cn(-c2ccc(-c3cn([C@H]4CCc5c(F)cccc5N(CC(F)(F)F)C4=O)nn3)c(F)c2)cn1,93.0,mL.min-1.kg-1,hepatocyte_dog
15697504,CHEMBL3611892,CHEMBL3609755,CL,mL.min-1.kg-1,=,80.0,CHEMBL612558,,Intrinsic clearance in dog hepatocytes,A,COc1c(-c2cn([C@H]3CCc4c(F)cccc4N(CC(F)(F)F)C3=O)nn2)ccc(-n2cnc(C)c2)c1F,80.0,mL.min-1.kg-1,hepatocyte_dog
15697505,CHEMBL3611892,CHEMBL3609759,CL,mL.min-1.kg-1,=,190.0,CHEMBL612558,,Intrinsic clearance in dog hepatocytes,A,COc1cc(-c2cn([C@H]3CCc4c(F)cccc4N(CC(F)(F)F)C3=O)nn2)ccc1-n1cnc(C)n1,190.0,mL.min-1.kg-1,hepatocyte_dog
16590727,CHEMBL3806644,CHEMBL3805738,CL,mL.min-1.kg-1,=,4.167,CHEMBL612558,,Clearance in dog hepatocytes at 1 uM by LC/MS/MS analysis,A,C[C@H](Nc1nc(N)nc(N)c1C#N)c1nc2cccc(F)c2c(=O)n1-c1cc(F)cc(F)c1,4.167,mL.min-1.kg-1,hepatocyte_dog
18092565,CHEMBL4020239,CHEMBL3987016,CL,mL.min-1.kg-1,=,35.0,CHEMBL612545,,Intrinsic clearance in dog hepatocytes,A,CCS(=O)(=O)Nc1ccc(Oc2ccc(F)cc2F)c(-c2cn(C)c(=O)c3[nH]ccc23)c1,35.0,mL.min-1.kg-1,hepatocyte_dog
18127077,CHEMBL4028324,CHEMBL4104117,CL,mL.min-1.kg-1,=,39.59,CHEMBL612545,,Intrinsic clearance in beagle dog hepatocytes at 10 uM by LC-MS/MS analysis,A,O=C(NO)c1ccc(CNc2cccc3cccnc23)cc1,39.59,mL.min-1.kg-1,hepatocyte_dog
18148810,CHEMBL4033021,CHEMBL4061128,CL,mL.min-1.kg-1,=,20.0,CHEMBL612545,,Intrinsic clearance in dog hepatocytes after 120 mins by LC-MS/MS analysis,A,N#Cc1ccc(Nc2nn([C@H]3COCC[C@@H]3C#N)cc2C(N)=O)cc1,20.0,mL.min-1.kg-1,hepatocyte_dog
18148811,CHEMBL4033021,CHEMBL4071005,CL,mL.min-1.kg-1,=,122.0,CHEMBL612545,,Intrinsic clearance in dog hepatocytes after 120 mins by LC-MS/MS analysis,A,COc1cc(Nc2nn([C@H]3COCC[C@@H]3C#N)cc2C(N)=O)ccc1Cl,122.0,mL.min-1.kg-1,hepatocyte_dog
18167403,CHEMBL4036723,CHEMBL3670082,CL,mL.min-1.kg-1,=,1.0,CHEMBL612545,,Clearance in dog hepatocytes at 1 uM after 20 to 60 mins by LC/MS/MS analysis,A,Cn1cc(-c2cccc(N3CCc4c(sc5c4CC(C)(C)C5)C3=O)c2CO)cc(Nc2ccncn2)c1=O,1.0,mL.min-1.kg-1,hepatocyte_dog
18170992,CHEMBL4037521,CHEMBL4067429,CL,mL.min-1.g-1,=,1.8,CHEMBL612545,,Intrinsic clearance in dog hepatocytes,A,CC1=CCC[C@H]1NC(=O)Nc1ccc(Cl)c(S(=O)(=O)[C@@]2(C)CCOC2)c1O,0.0018,mL.min-1.kg-1,hepatocyte_dog
18187211,CHEMBL4040895,CHEMBL4105630,CL,mL.min-1.kg-1,=,10.0,CHEMBL612545,,Clearance in dog hepatocytes at 10 uM preincubated for 5 mins followed by NADPH addition measured over 60 mins by HPLC-MS/MS analysis,A,C[C@@]1(O)CC[C@H]2[C@H](CC[C@@H]3[C@@H]2CC[C@]2(C)[C@@H](C(=O)Cn4cc(C#N)cn4)CC[C@@H]32)C1,10.0,mL.min-1.kg-1,hepatocyte_dog
18216591,CHEMBL4046909,CHEMBL4080878,CL,mL.min-1.kg-1,=,27.0,CHEMBL612545,,Clearance in dog hepatocytes,A,Cc1ccc(OC2CCN(c3c(C#N)cnc4ccc(F)cc34)CC2)cn1,27.0,mL.min-1.kg-1,hepatocyte_dog
18237840,CHEMBL4051619,CHEMBL4086276,CL,mL.min-1.kg-1,=,25.0,CHEMBL612545,,Intrinsic clearance in dog hepatocytes at 1 uM after 90 mins by LC/MS/MS analysis,A,Cc1cc2c(cc1N1C(=O)c3cccc4c(CCCO)ccc(c34)C1=O)n(C)c(=O)n2C,25.0,mL.min-1.kg-1,hepatocyte_dog
18407444,CHEMBL4151295,CHEMBL4165147,CL,mL.min-1.kg-1,=,126.0,CHEMBL613289,,Intrinsic clearance in Beagle dog hepatocytes,A,COc1cc(-c2ccc([C@@H]3CCc4ccc([C@H](C5CC5)[C@H](C)C(=O)[O-])cc4O3)c(F)c2)ccn1.[Na+],126.0,mL.min-1.kg-1,hepatocyte_dog
18450714,CHEMBL4178371,CHEMBL3989970,CL,mL.min-1.kg-1,=,17.0,CHEMBL612558,,Apparent intrinsic hepatic clearance in dog hepatocytes,A,C=CC(=O)N[C@@H]1CN(c2nc(Nc3cn(C)nc3OC)c3ncn(C)c3n2)C[C@H]1F,17.0,mL.min-1.kg-1,hepatocyte_dog
18533589,CHEMBL4195761,CHEMBL4211840,CL,mL.min-1.kg-1,=,21.0,CHEMBL612558,,Clearance in dog hepatocytes at 1 uM up to 60 mins in presence of NADPH by LC-MS/MS analysis,A,COc1cc(C(N)=O)nc(-c2cccc(C#C[C@]3(O)CCN(C)C3=O)c2)c1,21.0,mL.min-1.kg-1,hepatocyte_dog
18708699,CHEMBL4256599,CHEMBL4285790,CL,mL.min-1.kg-1,=,9.8,CHEMBL612558,,Clearance in beagle dog hepatocytes at 1 uM after 1 to 3 hrs by LC-MS/MS method,A,CS(=O)(=O)Nc1nnc2cc(COc3cc(Cl)cc(Cl)c3)c(C3CC3)cn12,9.8,mL.min-1.kg-1,hepatocyte_dog
18708700,CHEMBL4256599,CHEMBL4290579,CL,mL.min-1.kg-1,=,9.9,CHEMBL612558,,Clearance in beagle dog hepatocytes at 1 uM after 1 to 3 hrs by LC-MS/MS method,A,O=S(=O)(Nc1nnc2cc(OCC34CC5CC(CC(C5)C3)C4)c(C3CC3)cn12)C1CC1,9.9,mL.min-1.kg-1,hepatocyte_dog
18708701,CHEMBL4256599,CHEMBL4279238,CL,mL.min-1.kg-1,=,18.0,CHEMBL612558,,Clearance in beagle dog hepatocytes at 1 uM after 1 to 3 hrs by LC-MS/MS method,A,CS(=O)(=O)Nc1nnc2cc(OCC34CC5CC(CC(C5)C3)C4)c(C3CC3)cn12,18.0,mL.min-1.kg-1,hepatocyte_dog
18774793,CHEMBL4268934,CHEMBL4279519,CL,mL.min-1.kg-1,=,9.29,CHEMBL612558,,Clearance in dog hepatocytes at 1 uM,A,COc1c([C@@H]2O[C@H](CO)[C@@H](F)[C@H](O)[C@H]2O)cc(Cc2ccc3c(c2)OCCO3)c2c1CCO2,9.29,mL.min-1.kg-1,hepatocyte_dog
18774883,CHEMBL4268934,CHEMBL139,CL,mL.min-1.kg-1,=,13.13,CHEMBL612558,,Clearance in dog hepatocytes at 1 uM,A,O=C(O)Cc1ccccc1Nc1c(Cl)cccc1Cl,13.13,mL.min-1.kg-1,hepatocyte_dog
18774891,CHEMBL4268934,CHEMBL655,CL,mL.min-1.kg-1,=,30.85,CHEMBL612558,,Clearance in dog hepatocytes at 1 uM,A,Cc1ncc2n1-c1ccc(Cl)cc1C(c1ccccc1F)=NC2,30.85,mL.min-1.kg-1,hepatocyte_dog
18904238,CHEMBL4317035,CHEMBL3648680,CL,mL.min-1.kg-1,=,21.0,CHEMBL612558,,Clearance in dog hepatocytes at 1 uM preincubated for 5 mins followed by NADPH addition measured up to 60 mins by LC-MS/MS analysis,A,Cn1ncc(NC(=O)c2nc(-c3c(F)cccc3F)sc2N)c1N1CC[C@@H](N)[C@H](F)CC1,21.0,mL.min-1.kg-1,hepatocyte_dog
19088197,CHEMBL4365192,CHEMBL4468815,CL,mL.min-1.kg-1,=,10.0,CHEMBL612558,,Clearance in Beagle dog hepatocytes,A,Cc1ccc2nc(N3CCS(=O)(=O)c4ccccc4C3)nc(NCC3(N)COC3)c2c1,10.0,mL.min-1.kg-1,hepatocyte_dog
19095252,CHEMBL4367452,CHEMBL4514780,CL,mL.min-1.g-1,=,0.65,CHEMBL612558,,Clearance in dog hepatocytes,A,CC(C)(C)S(=O)(=O)c1cc2c(Nc3ccc4scnc4c3)ncnc2cc1OCCO,0.00065,mL.min-1.kg-1,hepatocyte_dog
19368421,CHEMBL4424307,CHEMBL4592045,CL,mL.min-1.kg-1,=,84.7,CHEMBL612558,,Intrinsic clearance in dog hepatocytes at 1 uM after 30 mins by LC-MS/MS analysis,A,CCc1cc(F)c2nc(N3CCC(NC4CCOCC4)CC3)c(-c3nc(C)no3)c(C)c2c1,84.7,mL.min-1.kg-1,hepatocyte_dog
20609313,CHEMBL4605693,CHEMBL3986824,CL,mL.min-1.kg-1,=,4.667,CHEMBL613289,,Apparent clearance in dog hepatocytes,A,Nc1cncc(-c2cn3ccnc3c(Nc3ccc(N4CCN(C5COC5)CC4)cc3)n2)n1,4.667,mL.min-1.kg-1,hepatocyte_dog
20628307,CHEMBL4610276,CHEMBL1259059,CL,mL.min-1.kg-1,=,40.0,CHEMBL612558,,Intrinsic clearance in dog hepatocytes,A,CC(C)OC(=O)[C@H](C)N[P@](=O)(OC[C@H]1O[C@@H](n2ccc(=O)[nH]c2=O)[C@](C)(F)[C@@H]1O)Oc1ccccc1,40.0,mL.min-1.kg-1,hepatocyte_dog
20628308,CHEMBL4610276,CHEMBL4636436,CL,mL.min-1.kg-1,=,113.33,CHEMBL612558,,Intrinsic clearance in dog hepatocytes,A,CC(C)OC(=O)[C@H](C)N[P@](=O)(OC[C@H]1O[C@@H](n2ccc(=O)[nH]c2=O)[C@](Cl)(Br)[C@@H]1O)Oc1ccccc1,113.33,mL.min-1.kg-1,hepatocyte_dog
20628311,CHEMBL4610276,CHEMBL4634173,CL,mL.min-1.kg-1,=,133.33,CHEMBL612558,,Intrinsic clearance in dog hepatocytes,A,CC(C)OC(=O)C(C)(C)NP(=O)(OC[C@H]1O[C@@H](n2ccc(=O)[nH]c2=O)[C@](Cl)(Br)[C@@H]1O)Oc1ccccc1,133.33,mL.min-1.kg-1,hepatocyte_dog
20628312,CHEMBL4610276,CHEMBL4640144,CL,mL.min-1.kg-1,=,98.33,CHEMBL612558,,Intrinsic clearance in dog hepatocytes,A,CCOC(=O)C(C)(C)N[P@@](=O)(OC[C@H]1O[C@@H](n2ccc(=O)[nH]c2=O)[C@](Cl)(Br)[C@@H]1O)Oc1ccccc1,98.33,mL.min-1.kg-1,hepatocyte_dog
20628313,CHEMBL4610276,CHEMBL4640800,CL,mL.min-1.kg-1,=,200.0,CHEMBL612558,,Intrinsic clearance in dog hepatocytes,A,CCOC(=O)C(C)(C)N[P@](=O)(OC[C@H]1O[C@@H](n2ccc(=O)[nH]c2=O)[C@](Cl)(Br)[C@@H]1O)Oc1ccccc1,200.0,mL.min-1.kg-1,hepatocyte_dog
20628314,CHEMBL4610276,CHEMBL4640294,CL,mL.min-1.kg-1,=,123.33,CHEMBL612558,,Intrinsic clearance in dog hepatocytes,A,CCOC(=O)C(C)(C)N[P@](=O)(OC[C@H]1O[C@@H](n2ccc(=O)[nH]c2=O)[C@@](F)(Br)[C@@H]1O)Oc1ccccc1,123.33,mL.min-1.kg-1,hepatocyte_dog
20679442,CHEMBL4622411,CHEMBL4644751,CL,mL.min-1.kg-1,=,121.0,CHEMBL612558,,Unbound intrinsic clearance in dog hepatocytes,A,C[C@H](C(=O)Nc1ccc(F)cc1)C12CC(NC(=O)c3ccc(F)c(F)c3)(C1)C2,121.0,mL.min-1.kg-1,hepatocyte_dog
20689742,CHEMBL4625204,CHEMBL4638643,CL,mL.min-1.kg-1,=,21.67,CHEMBL612558,,Metabolic stability in dog Hepatocyte assessed as intrinsic clearance,A,COC[C@@](O)([C@@H](Nc1cc(F)cc2[nH]c(=O)ccc12)c1ccc(OC)c(F)c1Cl)C(F)(F)F,21.67,mL.min-1.kg-1,hepatocyte_dog
22430558,CHEMBL4676219,CHEMBL4537788,CL,mL.min-1.kg-1,=,12.17,CHEMBL612558,,Clearance in dog hepatocytes,A,O=C(NCc1ncc(C(F)(F)F)cc1Cl)c1ccc2c(c1)C1(CCS(=O)(=O)CC1)[C@H](C1CC1)N2S(=O)(=O)c1ccc(F)cc1,12.17,mL.min-1.kg-1,hepatocyte_dog
22849718,CHEMBL4723207,CHEMBL3973674,CL,mL.min-1.g-1,=,6.5,CHEMBL612558,,Clearance in dog cryopreserved hepatocytes at 1 uM incubated from 1 to 80 mins by LC-MS/MS analysis,A,COCCOc1cc(NC(=O)N2CCCc3cc(CN4CCN(C)CC4=O)c(C=O)nc32)ncc1C#N,0.0065,mL.min-1.kg-1,hepatocyte_dog
22876708,CHEMBL4726027,CHEMBL4784510,CL,mL.min-1.kg-1,=,50.0,CHEMBL612558,,Clearance in dog hepatocytes at 0.1 umol/l and measured for 6 hrs by LC-MS/MS analysis,A,COc1cc(F)c([C@@H]2CNC(=O)[C@H]2NC(=O)Nc2ccccc2)c(F)c1,50.0,mL.min-1.kg-1,hepatocyte_dog
22889357,CHEMBL4728949,CHEMBL4759047,CL,mL.min-1.kg-1,=,155.0,CHEMBL612558,,Clearance in Beagle dog hepatocytes at 2 uM and measured up to 120 mins by LC-MS/MS analysis,A,Nc1nccc(COc2ccc3nc(N[C@@H]4CCCC[C@H]4O)sc3c2)c1Cl,155.0,mL.min-1.kg-1,hepatocyte_dog
22889358,CHEMBL4728949,CHEMBL4748740,CL,mL.min-1.kg-1,=,64.0,CHEMBL612558,,Clearance in Beagle dog hepatocytes at 2 uM and measured up to 120 mins by LC-MS/MS analysis,A,COc1cc(OCc2ccnc(Nc3cnn(C)c3)n2)cc2sc(N[C@H]3CCCC[C@@H]3O)nc12,64.0,mL.min-1.kg-1,hepatocyte_dog
22909090,CHEMBL4733867,CHEMBL4800252,CL,mL.min-1.kg-1,=,39.54,CHEMBL612558,,Metabolic stability in Beagle dog hepatocytes assessed as intrinsic clearance,A,COC(=O)Nc1cc(C(F)(F)F)c(-c2nc(N3CCOCC3)c3cc(CN4CCN(S(C)(=O)=O)CC4)cn3n2)cn1,39.54,mL.min-1.kg-1,hepatocyte_dog
22950144,CHEMBL4766006,CHEMBL3707392,CL,mL.min-1.kg-1,=,1.0,CHEMBL612558,,Intrinsic clearance in Beagle dog hepatocytes,A,O=C1c2cc(-c3ccc(OC(F)(F)F)cc3)ccc2OCCN1Cc1ncccn1,1.0,mL.min-1.kg-1,hepatocyte_dog
23148528,CHEMBL4809914,CHEMBL4861542,CL,mL.min-1.g-1,=,0.76,CHEMBL612558,,Intrinsic clearance in Beagle dog cryopreserved pooled hepatocytes at 0.5 uM measured up to 120 mins by LC-MS/MS analysis,A,CNC(=O)c1cc(C(=O)N[C@H]2[C@@H]3COC[C@@H]32)cc(Cc2ccccc2)n1,0.00076,mL.min-1.kg-1,hepatocyte_dog
23148537,CHEMBL4809914,CHEMBL4862372,CL,mL.min-1.g-1,=,0.81,CHEMBL612558,,Intrinsic clearance in Beagle dog cryopreserved pooled hepatocytes at 0.5 uM measured up to 120 mins by LC-MS/MS analysis,A,CNC(=O)c1cc(C(=O)N[C@H]2C[C@@H]2C)cc(C(O)c2ccccc2)n1,0.0008100000000000001,mL.min-1.kg-1,hepatocyte_dog
23149263,CHEMBL4810061,CHEMBL4779773,CL,mL.min-1.kg-1,=,127.0,CHEMBL612558,,Metabolic stability in dog hepatocytes assessed as intrinsic clearance,A,C[C@H](NC(=O)Cn1nnc2ccccc2c1=O)c1ccc(OC(F)(F)F)cc1,127.0,mL.min-1.kg-1,hepatocyte_dog
23192495,CHEMBL4818855,CHEMBL4871799,CL,mL.min-1.kg-1,=,119.17,CHEMBL612558,,Metabolic stability in Beagle dog hepatocytes assessed as Intrinsic clearance by LC-MS/MS analysis,A,CCN(C(=O)c1cc(C(C)C)c(O)cc1O)c1cccnc1,119.17,mL.min-1.kg-1,hepatocyte_dog
23278548,CHEMBL4836639,CHEMBL4850119,CL,mL.min-1.g-1,=,1.0,CHEMBL612558,,Metabolic stability in dog Hepatocyte assessed as intrinsic clearance at 0.5 uM incubated for 60 mins by LC-MS/MS analysis,A,CNC(=O)c1cc(C(=O)N[C@H]2C[C@@H]2C)cc2c1OC[C@@]2(CO)c1ccccc1,0.001,mL.min-1.kg-1,hepatocyte_dog
23307812,CHEMBL4843334,CHEMBL4861332,CL,mL.min-1.kg-1,=,36.7,CHEMBL612558,,Intrinsic clearance in dog hepatocytes,A,CC[C@@H](NC(=O)c1ccc(Cl)cc1)[C@H]1[C@@H]2C[C@@H](n3cnc4cc(F)c(F)cc43)C[C@@H]21,36.7,mL.min-1.kg-1,hepatocyte_dog
23315914,CHEMBL4845202,CHEMBL4297600,CL,mL.min-1.kg-1,=,37.0,CHEMBL612558,,Intrinsic clearance in dog hepatocytes,A,NC(=O)c1ccn(-c2cnc(NC[C@]3(c4ncccc4F)C[C@H](F)C3)nc2)c1,37.0,mL.min-1.kg-1,hepatocyte_dog
24343770,CHEMBL5030020,CHEMBL3647052,CL,mL.min-1.kg-1,=,78.0,CHEMBL612558,,Intrinsic clearance in dog hepatocytes,A,C[C@H]1CC[C@H](Cn2c(N3CCO[C@@H]4CCC[C@H]43)nc3cc(-c4noc(=O)[nH]4)nc(-c4cncc(Cl)c4)c32)CC1,78.0,mL.min-1.kg-1,hepatocyte_dog
24402845,CHEMBL5044141,CHEMBL5089102,CL,mL.min-1.kg-1,=,294.0,CHEMBL612558,,Intrinsic clearance in dog hepatocytes at 0.3 uM incubated for 90 mins by LC/MS/MS analysis,A,Cc1c(Nc2ncc3cc(Cl)c(C4CCN(C5COC5)CC4)cc3n2)cnn1C1CC1,294.0,mL.min-1.kg-1,hepatocyte_dog
24402846,CHEMBL5044141,CHEMBL5073571,CL,mL.min-1.kg-1,=,150.0,CHEMBL612558,,Intrinsic clearance in dog hepatocytes at 0.3 uM incubated for 90 mins by LC/MS/MS analysis,A,CC(C)(O)Cn1ncc(Nc2ncc3cc(Cl)c(C4CCN(C5COC5)CC4)cc3n2)c1Cl,150.0,mL.min-1.kg-1,hepatocyte_dog
24402848,CHEMBL5044141,CHEMBL5075047,CL,mL.min-1.kg-1,=,160.0,CHEMBL612558,,Intrinsic clearance in dog hepatocytes at 0.3 uM incubated for 90 mins by LC/MS/MS analysis,A,Cc1c(Nc2ncc3cc(Cl)c(C4CCN([C@@H]5COC[C@@H]5O)CC4)cc3n2)cnn1[C@@H]1CC1(F)F,160.0,mL.min-1.kg-1,hepatocyte_dog
24410791,CHEMBL5046107,CHEMBL5085562,CL,mL.min-1.kg-1,=,0.0417,CHEMBL612558,,Clearance in dog hepatocyte measured per 10^6 cells,A,Cc1cccc(-c2ccc(/C=C/[C@@H]3[C@@H]4[C@@H](C)OC(=O)[C@]4(O)CC(F)(F)[C@H]3C)nc2)c1C#N,0.0417,mL.min-1.kg-1,hepatocyte_dog
24410792,CHEMBL5046107,CHEMBL5081315,CL,mL.min-1.kg-1,=,0.002,CHEMBL612558,,Clearance in dog hepatocyte measured per 10^6 cells,A,C[C@H]1OC(=O)[C@]2(N)CC(F)(F)[C@@H](C)[C@H](/C=C/c3ccc(-c4ccccc4C#N)cn3)[C@H]12,0.002,mL.min-1.kg-1,hepatocyte_dog
24410793,CHEMBL5046107,CHEMBL5088392,CL,mL.min-1.kg-1,=,0.0118,CHEMBL612558,,Clearance in dog hepatocyte measured per 10^6 cells,A,CCNC(=O)N1C[C@H]2[C@H](C)[C@@H](C)[C@H](/C=C/c3ccc(-c4ccccc4C#N)cn3)[C@@H]3[C@@H](C)OC(=O)[C@@]32C1,0.0118,mL.min-1.kg-1,hepatocyte_dog
24505436,CHEMBL5054219,CHEMBL5077961,CL,mL.min-1.g-1,=,1.28,CHEMBL612558,,Metabolic stability in dog hepatocytes assessed as Intrinsic clearance,A,Nc1nc(-c2cccc(-n3ccc4cc(C5CC5)cc(F)c4c3=O)c2CO)c2cc(C3=CCN(C4COC4)CC3)[nH]c2n1,0.00128,mL.min-1.kg-1,hepatocyte_dog
24667989,CHEMBL5098914,CHEMBL5171489,CL,mL.min-1.kg-1,=,21.61,CHEMBL612558,,Metabolic stability in Beagle dog hepatocyte assessed as intrinsic clearance at 10 uM by LC-MS/MS analysis,A,C#CCN(C)Cc1cccc(NC(=O)CCCCCCC(=O)NO)c1,21.61,mL.min-1.kg-1,hepatocyte_dog
24810749,CHEMBL5136733,CHEMBL5095095,CL,mL.min-1.kg-1,=,15.0,CHEMBL612558,,Metabolic stability in dog hepatocytes assessed as clearance at 10 uM measured upto 120 mins by LC-MS/MS analysis,A,C[C@H](CC[C@](C)(O)C(F)(F)F)[C@H]1CC[C@H]2[C@@H]3CC=C4C[C@@](C)(O)CC[C@]4(C)[C@H]3CC[C@]12C,15.0,mL.min-1.kg-1,hepatocyte_dog
24971050,CHEMBL5218159,CHEMBL5220623,CL,mL.min-1.g-1,=,2.64,CHEMBL612558,,Intrinsic clearance in dog hepatocytes incubated upto 45 mins by LC-MS/MS analysis,A,COc1cc2c(cc1OC)[C@@H](C)C(=O)N(C)C=C2,0.00264,mL.min-1.kg-1,hepatocyte_dog
24971051,CHEMBL5218159,CHEMBL5220077,CL,mL.min-1.g-1,=,3.37,CHEMBL612558,,Intrinsic clearance in dog hepatocytes incubated upto 45 mins by LC-MS/MS analysis,A,C[C@H]1C(=O)N(C)C=Cc2cc(CN3CCOCC3)ccc21,0.00337,mL.min-1.kg-1,hepatocyte_dog
24971052,CHEMBL5218159,CHEMBL5219077,CL,mL.min-1.g-1,=,0.77,CHEMBL612558,,Intrinsic clearance in dog hepatocytes incubated upto 45 mins by LC-MS/MS analysis,A,CCS(=O)(=O)c1ccc2c(c1)C(C)=CN(C)C(=O)[C@@H]2C,0.0007700000000000001,mL.min-1.kg-1,hepatocyte_dog
24971056,CHEMBL5218159,CHEMBL5218909,CL,mL.min-1.g-1,=,1.12,CHEMBL612558,,Intrinsic clearance in dog hepatocytes incubated upto 45 mins by LC-MS/MS analysis,A,C[C@H]1C(=O)N(C)C=C(c2cnn(C)c2)c2cc([C@H](O)CO)ccc21,0.0011200000000000001,mL.min-1.kg-1,hepatocyte_dog
25066272,CHEMBL5251570,CHEMBL5278881,CL,mL.min-1.g-1,=,2.4,CHEMBL612558,,Metabolic stability in dog hepatocytes assessed as intrinsic clearance per 10^6 cells at 1 uM by LC-MS/MS analysis,A,Cc1ccn(CC(=O)N2CCN(c3sc(C(F)(F)F)nc3-c3cnc(C(F)(F)F)nc3)C[C@@H]2CO)n1,0.0024,mL.min-1.kg-1,hepatocyte_dog
25073646,CHEMBL5253720,CHEMBL5282118,CL,mL.min-1.kg-1,=,6.5,CHEMBL612558,,Clearance in dog hepatocyte,A,CC[C@H](C)n1nc(N2CC(C(C)(C)O)C2)c2cnc(Nc3ccnc(-c4cnn(S(=O)(=O)C5CC5)c4)n3)cc21,6.5,mL.min-1.kg-1,hepatocyte_dog
25513976,CHEMBL5335466,CHEMBL5408274,CL,mL.min-1.kg-1,=,9.2,CHEMBL612558,,Metabolic stability in dog hepatocytes assessed as intrinsic clearance at 2 uM measured for 120 mins by LC-MS analysis,A,Nc1ncc(-c2cn(C34CC(F)(C3)C4)c([C@@H](O)C(F)(F)F)n2)cc1OC(F)(F)F,9.2,mL.min-1.kg-1,hepatocyte_dog
25523803,CHEMBL5338177,CHEMBL5424437,CL,mL.min-1.kg-1,=,31.67,CHEMBL612558,,Metabolic stability in dog hepatocyte assessed as unbound intrinsic clearance at 1 uM incubated for 180 mins by LC-MS/MS analysis,A,CN(C)S(=O)(=O)NC(=O)c1cc(N2CCC(N3CCOCC3)CC2)c2c(C3CCC3)nn(-c3ccc(F)cc3)c2n1,31.67,mL.min-1.kg-1,hepatocyte_dog
25648624,CHEMBL5370170,CHEMBL5412197,CL,mL.min-1.kg-1,=,24.0,CHEMBL612558,,Apparent intrinsic clearance in Beagle dog hepatocytes by substrate depletion method,A,Cl.N[C@@H]1c2ccccc2OC12CCN(c1cnc3c(N4CCCc5ncccc54)n[nH]c3n1)CC2,24.0,mL.min-1.kg-1,hepatocyte_dog
25661451,CHEMBL5373730,CHEMBL5418961,CL,mL.min-1.kg-1,=,21.67,CHEMBL612558,,Metabolic stability in dog hepatocytes assessed as intrinsic clearance for unbound fraction of drug,A,COCc1cc(-c2cn(C3COC3)c3cnc(NC(C)=O)cc23)nc([C@]2(OC)CCOC2)c1,21.67,mL.min-1.kg-1,hepatocyte_dog
25661452,CHEMBL5373730,CHEMBL5403113,CL,mL.min-1.kg-1,=,30.0,CHEMBL612558,,Metabolic stability in dog hepatocytes assessed as intrinsic clearance for unbound fraction of drug,A,CO[C@@]1(c2cc(O[C@@H](C)CCO)cc(-c3cn(C)c4cnc(NC(C)=O)cc34)n2)CCOC1,30.0,mL.min-1.kg-1,hepatocyte_dog
25670991,CHEMBL5376262,CHEMBL5199065,CL,mL.min-1.kg-1,=,38.0,CHEMBL612558,,Stability in dog hepatocytes assessed as intrinsic clearance,A,CCC(CC)c1cc(N[C@H]2CC[C@H](N)C2)n2nccc2n1,38.0,mL.min-1.kg-1,hepatocyte_dog
25674288,CHEMBL5377408,CHEMBL5435568,CL,mL.min-1.g-1,=,6.0,CHEMBL612558,,Metabolic stability in dog hepatocyte assessed as intrinsic clearance,A,N[C@H](CO)Cn1ccc(-c2ccc(Oc3ncc(-c4cc[nH]n4)cc3F)cc2)n1,0.006,mL.min-1.kg-1,hepatocyte_dog
25702492,CHEMBL5385380,CHEMBL4209095,CL,mL.min-1.kg-1,=,21.0,CHEMBL612558,,Hepatic clearance in dog hepatocytes,A,CN1CC[C@@](O)(C#Cc2cccc(-n3nc(C(N)=O)c4cccnc43)c2)C1=O,21.0,mL.min-1.kg-1,hepatocyte_dog
25715619,CHEMBL5389553,CHEMBL5402470,CL,mL.min-1.kg-1,=,104.0,CHEMBL612558,,Intrinsic clearance in dog hepatocytes,A,Cc1cc([C@@H](C)Nc2ccccc2C(=O)O)c2nc(N3CCC(F)(F)CC3)c(C#N)c(=O)n2c1,104.0,mL.min-1.kg-1,hepatocyte_dog
25728295,CHEMBL5392512,CHEMBL5394686,CL,mL.min-1.kg-1,=,13.0,CHEMBL612558,,Metabolic stability in dog hepatocytes assessed as intrinsic clearance at 1 uM and measured upto 120 mins by LC-MS/MS analysis,A,COc1cc2ncnc(Nc3cccc(Cl)c3F)c2cc1OCCON1CCN(C)CC1,13.0,mL.min-1.kg-1,hepatocyte_dog
25942278,CHEMBL5534769,CHEMBL5199076,CL,mL.min-1.kg-1,=,19.9,CHEMBL612558,,Metabolic stability in dog hepatocytes assessed as clearance incubated for 15 to 90 mins by LC-MS/MS analysis,A,Cc1cc2c(C(N)=O)c(N)n(-c3c(C)ccc(O)c3C)c2nc1C,19.9,mL.min-1.kg-1,hepatocyte_dog
25942279,CHEMBL5534769,CHEMBL5566629,CL,mL.min-1.kg-1,=,27.0,CHEMBL612558,,Metabolic stability in dog hepatocytes assessed as clearance incubated for 15 to 90 mins by LC-MS/MS analysis,A,Cc1ccc(O)c(C)c1-n1c(N)c(C(=O)N2CCn3nccc3C2)c2nc(C3CC3)c(C)nc21,27.0,mL.min-1.kg-1,hepatocyte_dog
25978879,CHEMBL5545962,CHEMBL5569312,CL,mL.min-1.kg-1,=,15.8,CHEMBL612558,,Metabolic stability in dog hepatocyte assessed as clearance,A,O=C(COc1ccc(Cl)cc1)NC12CC(c3nnc([C@H]4C[C@@H](OC(F)(F)F)C4)o3)(C1)C2,15.8,mL.min-1.kg-1,hepatocyte_dog
26230018,CHEMBL5658150,CHEMBL5661901,CL,mL.min-1.kg-1,=,1.833,CHEMBL612558,,Clearance in dog hepatocytes,A,Cc1c(NC(=O)c2cc(C(N)=O)nc3ccccc23)c(C(F)(F)F)nn1Cc1ccc(C#N)cc1,1.833,mL.min-1.kg-1,hepatocyte_dog
26230019,CHEMBL5658150,CHEMBL4448899,CL,mL.min-1.kg-1,=,3.333,CHEMBL612558,,Clearance in dog hepatocytes,A,Cc1c(NC(=O)c2cc(C(N)=O)nc3cc(F)ccc23)c(C(F)(F)F)nn1Cc1ccc(C#N)cc1,3.333,mL.min-1.kg-1,hepatocyte_dog
26230020,CHEMBL5658150,CHEMBL5661934,CL,mL.min-1.kg-1,=,0.01667,CHEMBL612558,,Clearance in dog hepatocytes,A,Cc1c(NC(=O)c2cc(C(N)=O)nc3cc(F)ccc23)c(C(F)(F)F)nn1Cc1ccc(C#N)cn1,0.01667,mL.min-1.kg-1,hepatocyte_dog
