number,CID,smiles,log_bb
1,11582,CCCCC(C)C,0.86000001
2,6325,C=C,0.31
3,8024,C=COC=C,0.13
4,58486189,CCC(C)N1CCN(CC1)C2=CC=C(I)C=C2,1.38
5,451231,CN1N(C2=CC=CC=C2)C(=O)C(=C1C)F,-0.050000001
6,-,CCC(C)NC1=CC(=C(I)C=C1)NC(C)CC,0.63999999
7,66994,CCCCCC1(CC)C(=O)NC(=O)NC1=O,0.090000004
8,-,CN(C)C1=C(SC2=C(N)C=C(CCF)C=C2)C=CC=C1,0.55000001
9,-,CCN1CN(C2=CC=C(Br)C=C2)C3(CCN(CCCC(=O)C4=CC=C(F)C=C4)CC3)C1=O,-0.43000001
10,13497176,CCCN1CN(C2=CC=C(Br)C=C2)C3(CCN(CCCC(=O)C4=CC=C(F)C=C4)CC3)C1=O,-0.01
11,14590445,ClC1=CC=CC2=C1C(=NCC(=O)N2)C3=CC=CC=C3,0.5
12,-,CC(F)OC(=O)C1=C2CN(C)C(=O)C3=CC(=CC=C3[N]2C=N1)F,-0.090000004
13,23274095,OC(COCF)C[N]1C=CN=C1[N+]([O-])=O,-0.01
14,10649604,CN1CN(C2=CC=CC=C2)C3(CCN(CCCC(=O)C4=CSC(=C4)I)CC3)C1=O,-0.25
15,4375468,CN(C)CC1=CC=C(CSCCNC2=NC=C(CC3=CN=C(C)C=C3)C(=O)N2)O1,-1.0599999
16,25144104,CN1CCN(CC1)C2=NC3=CC=CC=C3NC4=C2C=C(C)S4,0.77999997
17,44568616,ClC1=CC=C2OC3=CC=CC=C3C4CNCC4C2=C1,0.38999999
18,14022511,CC(=O)NC1=CC(=CC=C1)C2=CSC(=N2)N=C(N)N,-1.5700001
19,13646638,CN(C)CC1=CC=C(CSCCNC2=C(C=C[NH]2)[N+]([O-])=O)O1,-1.12
20,14022491,CN(C)CC1=CC=C(O1)C2=CC=CC(=C2)NC3=C(C=C[NH]3)[N+]([O-])=O,-0.27000001
21,14022486,CN(C)CC1=CC=NC(=C1)C2=CC(=CC=C2)NC3=C(C=C[NH]3)[N+]([O-])=O,-0.28
22,10498206,O=C(NCCCOC1=CC=CC(=C1)CN2CCCCC2)C3=CC=CC=C3,-0.23999999
23,-,CN1CCN(CCCN2C3=CC=CC=C3SC4=CC=CC(=C24)C(F)(F)F)CC1,1.4400001
24,-,CN(C)CC1=CC=C(O1)SCCNC2=C(C(=C[NH]2)CC3=CC=CC=C3)[N+]([O-])=O,-0.73000002
25,70517986,CC1C(C2=CC=CC=C2N(C3=CC=CC=C13)C(=O)N)C,-0.34
26,9864646,COC(=O)NC1=NC2=CC(=CC=C2[NH]1)C(=O)N3CCN(CC3)C4=CC=CC=N4,-1.4
27,51263,CCN1N=NN(CCN2CCC(CC2)(COC)N(C(=O)CC)C3=CC=CC=C3)C1=O,-0.74000001
28,65860,CCC1=CC=C(C=C1)C(=O)C(C)CN2CCCC2,1.08
29,4158,COC(=O)C(C1CCCCN1)C2=CC=CC=C2,0.88
30,5505,CCCCNC(=O)N[S](=O)(=O)C1=CC=C(C)C=C1,-1.01
31,2050078,NCCC1=C[NH]2=C([NH]1)C=CC=C2,-1.4
32,14022522,CN(C)CC1=CC=C(CSCCNC2=NC=C(CC3=CC=C4C=CC=CC4=C3)C(=O)N2)O1,-1.3
33,1486,OC(=O)COC1=C(Cl)C=C(Cl)C=C1,0.15000001
34,46842852,CN1CCN(CC1)C2=NC3=CC(=CC=C3NC4=CC=CC=C24)Cl,1.3
35,54429646,CNC(C[N+]([O-])=O)=NCCSC1=CC=C(CN(C)C)O1,-1.23
36,44214615,NCC[N]1N=CC2=CC(=C(Cl)C=C12)Cl,0.11
37,53394319,COC1=CC=C2N(C(C)C(CC(O)=O)C2=C1)C(=O)C3=CC=C(Cl)C=C3,-1.26
38,44213642,COC1=CC(=C2OCCC2=C1)CNC3CCCNC3C4=CC=CC=C4,0.38999999
39,19427054,CCC1=CC(=CC=C1)NC(C)=NC2=CC=CC(=C2)CC,1.2
40,-,CCCN(CCC)CCC1=CC(=C2NC(=O)CC2=C1)O,-0.43000001
41,44383796,CCCN(CCC)CCC1=CC=C2NC(=O)CC2=C1,0.25
42,25255,NC(=O)C1C2=CC=CC=C2C=CC3=CC=CC=C13,0
43,29939457,NC(=O)C1C2=CC=CC=C2C3OC3C4=CC=CC=C14,-0.34
44,-,OC(=O)C1=C(NCCSCC2=C(Br)C=CC=N2)[NH]C=C1,-0.67000002
45,13071367,ClC1=C(NC2NCC=N2)C(=CC=C1)Cl,0.11
46,57162790,F\C=C\O\C=C\F,0.13
47,21440942,CC1CCN(CCCN2C3=CC=CC=C3SC4=CC=C(C=C24)C(F)(F)F)CC1,1.4400001
48,14840722,NC1=NC(=O)N(C=C1)C2CC(CO)C(CO)O2,-0.79000002
49,10388384,COC1=CC(=CC=C1)CC2CCN(CC2)C3CCC(CC3)(OC)C4=CC5=C(OCO5)C=C4,0.74000001
50,9807561,BrC1=CC=C2C3CNCC(C3)CN2C1=O,-0.050000001
51,10937291,CC(C)(O)CN1N=C(C=CC1=O)C2=C3C=CC=C[N]3N=C2C4=CC=CC=C4,-0.23
52,11003252,CN(C)C(=O)CN1N=C(C=CC1=O)C2=C3C=CC=C[N]3N=C2C4=CC=CC=C4,-1
53,10884606,O=C1C=CC(=NN1CCN2CCCCC2)C3=C4C=CC=C[N]4N=C3C5=CC=CC=C5,0.38
54,9821511,CN1CCC(CC1)N2N=C(C=CC2=O)C3=C4C=CC=C[N]4N=C3C5=CC=CC=C5,0.059999999
55,11110698,CC(=O)CN1N=C(C=CC1=O)C2=C3C=CC=C[N]3N=C2C4=CC=CC=C4,-0.31
56,9846311,NC1=NC(=CC=C1)CN2CCC(CC2)NC(=O)C(O)(C3CCC(F)(F)C3)C4=CC=CC=C4,-0.88999999
57,10063598,COC(=O)C1C(C)CC(=CC1=O)NC2=CC=CC(=C2)[N+]([O-])=O,-1
58,10088796,COC(=O)C1C(C)CC(=CC1=O)NC2=CC(=CC=C2)OC(F)(F)F,-0.17
59,197322,COC(=O)C1C(C)CC(=CC1=O)NC2=CC=C(Cl)C=C2,-0.94999999
60,9916104,CC(C)(C)C1=NC(=CC(=N1)C(F)(F)F)N2CCN(CCCSC3=NC=CC(=O)N3)CC2,0.30000001
61,120,CC12NC(CC3=CC=CC=C13)C4=CC=CC=C24,1.11
62,6426143,COC1=C(CNC2C3CCN(CC3)C2C(C4=CC=CC=C4)C5=CC=CC=C5)C=C(C=C1)C(C)C,0.47999999
63,10201984,FC(F)OC1=CC=C(OC(F)(F)F)C=C1CNC2CCCNC2C3=CC=CC=C3,0.88
64,9866153,CC(C)OC1=CC=C(OC(F)(F)F)C=C1CNC2CCCNC2C3=CC=CC=C3,0.41
65,19696721,COC1=CC=C(C=C1CNC2CCCNC2C3=CC=CC=C3)[S](C)(=O)=O,-0.15000001
66,-,COC1=CC2=C(C=C1CNC3C4CCN(C4)C3C(C5=CC=CC=C5)C6=CC=CC=C6)N(CC2)[S](C)(=O)=O,-1
67,19696654,COC1=CC2=C(C=C1CNC3CCCNC3C4=CC=CC=C4)N(C(C)C2)[S](C)(=O)=O,-0.41999999
68,9907851,COC1=CC=C(C=C1CNC2CCCNC2C3=CC=CC=C3)C4=NC=CS4,0.36000001
69,22620062,COC1=C(CNC2CCCNC2C3=CC=CC=C3)C=C(C=C1)N4CCCC4=O,-0.22
70,22620050,COC1=CC2=C(C=C1CNC3CCCNC3C4=CC=CC=C4)N=C(C)S2,0.47999999
71,19696689,COC1=CC=C(C=C1CNC2CCCNC2C3=CC=CC=C3)N(C4=NC(=C(C)S4)C)[S](C)(=O)=O,-0.37
72,22620080,COC1=CC2=C(C=C1CNC3CCCNC3C4=CC=CC=C4)N=C(C)O2,0.49000001
73,17905241,COC1=C(CNC2C3CCN(CC3)C2C(C4=CC=CC=C4)C5=CC=CC=C5)C=C(C=C1)C(C)(C)C,0.46000001
74,22620075,COC1=C(CNC2CCCNC2C3=CC=CC=C3)C=C(C=C1)[N]4N=C(C)C=C4C,0.11
75,22620091,COC1=CC2=C(C=C1CNC3CCCNC3C4=CC=CC=C4)N=C(S2)C(C)(C)C,0.85000002
76,-,CC(C)OC1=CC2=C(C=C1CNC3CCCNC3C4=CC=CC=C4)N=C(C)S2,0.31999999
77,22620066,COC1=CC2=C(C=C1CNC3CCCNC3C4=CC=CC=C4)N=C(S2)C5=CC=CC=C5,1.26
78,22620085,COC1=CC2=C(C=C1CNC3CCCNC3C4=CC=CC=C4)N=C(S2)C5CC5,0.62
79,6426129,COC1=C(CNC2C3CCN(CC3)C2C(C4=CC=CC=C4)C5=CC=CC=C5)C=C(C=C1)C(C)(C)O,-0.88999999
80,9931510,COC1=C(CNC2C3CCN(CC3)C2C(C4=CC=CC=C4)C5=CC=CC=C5)C=CC=C1,0.37
81,18435769,COC1=C(CNC2CCCNC2C3=CC=CC=C3)C=CC=C1,0.87
82,44433393,COC1=C(CNC2CCCNC2C3=CC=CC=C3)C=C(C=C1)C(C)(C)C,0.98000002
83,9864647,COC1=CC=C(OC(F)(F)F)C=C1CNC2CCCNC2C3=CC=CC=C3,0.63
84,9902443,COC1=C(CNC2CCCNC2C3=CC=CC=C3)C=C(C=C1)C(C)C,0.92000002
85,9909299,CC(C)(C)C1=CC(=C(OC(F)(F)F)C=C1)CNC2CCCNC2C3=CC=CC=C3,0.95999998
86,12765429,CN1C(=O)N(C)C2=C(N=C[NH]2)C1=O,-0.34099999
87,11777724,ClC1=CC(=C(Cl)C=C1)N=C2NCCN2,0.38
88,77870,CC1=CC(=CC=C1N=C2NCCN2)Cl,-0.87
89,72138,CC1=CC(=C(C=C1)N=C2NCCN2)Cl,-0.64999998
90,21675832,CC1=CC(=C(C=C1)N=C2NCCN2)C,-1.3
91,137235,C1CN=C(N1)NC2=CC=CC=C2,-1.89
92,12032949,CC1=C(C=CC=C1)N=C2NCCN2,-1.39
93,10470115,ClC1=CC(=C(N=C2NCCN2)C(=C1)Cl)Cl,0.47
94,12406843,BrC1=CC(=C(N=C2NCCN2)C(=C1)Br)Br,0.57999998
95,10245368,BrC1=C(N=C2NCCN2)C(=CC=C1)Br,0.33000001
96,12406842,ClC1=CC(=CC(=C1N=C2NCCN2)Cl)Br,0.41
97,12406830,CC1=CC(=CC(=C1N=C2NCCN2)C)Br,-0.28
98,12296941,FC1=C(N=C2NCCN2)C(=CC=C1)F,-0.2
99,11,ClCCCl,-0.14
100,180,O=C(C)C,-0.15000001
101,241,c1ccccc1,0.34999999
102,263,OCCCC,-0.02
103,338,Oc1ccccc1C(O)=O,-1.11
104,356,C(CCCC)CCC,0.69
105,408,O=C1N(C)C(CC1)c1cccnc1,-0.22
106,412,n1cc(ccc1)C1NCCC1,0.31999999
107,444,Clc1cc(ccc1)C(=O)C(NC(C)(C)C)C,1.4
108,702,OCC,-0.16
109,887,OC,0.02
110,942,n1cc(ccc1)C1N(CCC1)C,0.38
111,948,[O-][N+]#N,0.029999999
112,1031,OCCC,-0.15000001
113,1140,c1ccccc1C,0.36000001
114,1176,O=C(N)N,-0.14
115,1206,N(C(Cc1ccccc1)C)C,0.94999999
116,1345,Clc1ccccc1-c1nc(cc2c1cccc2)C(=O)N(C(CC)C)C,0.47999999
117,1775,O=C1NC(=O)NC1(c1ccccc1)c1ccccc1,-0.050000001
118,1935,n1c2c(CCCC2)c(N)c2c1cccc2,-0.12
119,1978,O(CC(O)CNC(C)C)c1ccc(NC(=O)CCC)cc1C(=O)C,-0.15000001
120,1983,Oc1ccc(NC(=O)C)cc1,-0.37
121,2022,O=C1NC(=Nc2n(cnc12)COCCO)N,-0.83999997
122,2083,Oc1ccc(cc1CO)C(O)CNC(C)(C)C,-1.14
123,2118,Clc1cc2c(-n3c(nnc3C)CN=C2c2ccccc2)cc1,0.02
124,2119,O(CC(O)CNC(C)C)c1ccccc1CC=C,-0.23
125,2153,O=C1N(C)C(=O)N(c2nc[nH]c12)C,-0.31999999
126,2160,N(CCC=C1c2c(CCc3c1cccc3)cccc2)(C)C,0.89999998
127,2164,O=C1NC(=O)NC(=O)C1(CCC(C)C)CC,0.11
128,2206,O=C1N(N(C)C(=C1)C)c1ccccc1,-0.11
129,2244,O(C(=O)C)c1ccccc1C(O)=O,-0.61000001
130,2249,O(CC(O)CNC(C)C)c1ccc(cc1)CC(=O)N,-1.14
131,2294,O=C1NC(=O)NC(=O)C1(CC)CC,-0.14
132,2337,O(C(=O)c1ccc(N)cc1)CC,0.27000001
133,2366,n1ccccc1CCNC,-0.34
134,2369,O(CC(O)CNC(C)C)c1ccc(cc1)CCOCC1CC1,0.38999999
135,2381,OC(CCN1CCCCC1)(C1C2CC(C1)C=C2)c1ccccc1,0.85000002
136,2443,Brc1[nH]c2c3c1CC1N(CC(C=C1c3ccc2)C(=O)NC1(OC2(O)N(C(CC(C)C)C(=O)N3C2CCC3)C1=O)C(C)C)C,-1.1
137,2448,Brc1ccc(cc1)C1(O)CCN(CC1)CCCC(=O)c1ccc(F)cc1,1.38
138,2473,O(CC(O)CNC(C)(C)C)c1ccccc1C#N,0.38
139,2477,O=C1N(CCCCN2CCN(CC2)c2ncccn2)C(=O)CC2(C1)CCCC2,0.49000001
140,2482,O(C(=O)c1ccc(N)cc1)CCCC,0.41999999
141,2519,O=C1N(C)C(=O)N(c2ncn(c12)C)C,-0.039999999
142,2520,O(C)c1cc(ccc1OC)C(C(C)C)(CCCN(CCc1cc(OC)c(OC)cc1)C)C#N,-0.63999999
143,2554,O=C(N)N1c2c(C=Cc3c1cccc3)cccc2,-0.039999999
144,2555,O1C2C1c1c(N(c3c2cccc3)C(=O)N)cccc1,-0.34
145,2578,ClCCN(N=O)C(=O)NCCCl,-0.51999998
146,2583,O(CC(O)CNC(C)(C)C)c1c2CCC(=O)Nc2ccc1,0.0099999998
147,2678,Clc1ccc(cc1)C(N1CCN(CC1)CCOCC(O)=O)c1ccccc1,-2.1500001
148,2708,ClCCN(CCCl)c1ccc(cc1)CCCC(O)=O,-1.7
149,2726,Clc1cc2N(c3c(Sc2cc1)cccc3)CCCN(C)C,1.02
150,2756,S(Cc1[nH]cnc1C)CCNC(NC)=NC#N,-1.0599999
151,2789,Clc1cc2N(C(=O)CC(=O)N(c2cc1)C)c1ccccc1,0.36000001
152,2803,Clc1cccc(Cl)c1N=C1NCCN1,0.12
153,2995,N(CCCN1c2c(CCc3c1cccc3)cccc2)C,1.08
154,2997,Clc1cc2c(NC(=O)CN=C2c2ccccc2)cc1,0.51999998
155,3007,NC(Cc1ccccc1)C,0.93000001
156,3016,Clc1cc2c(N(C)C(=O)CN=C2c2ccccc2)cc1,0.47
157,3043,O1C(CCC1n1c2N=CNC(=O)c2nc1)CO,-1.3
158,3100,O(C(c1ccccc1)c1ccccc1)CCN(C)C,1.26
159,3121,OC(=O)C(CCC)CCC,-0.41
160,3151,Clc1cc2NC(=O)N(c2cc1)C1CCN(CC1)CCCN1c2c(NC1=O)cccc2,-0.85000002
161,3152,O(C)c1cc2c(CC(CC3CCN(CC3)Cc3ccccc3)C2=O)cc1OC,0.88999999
162,3162,O(C(C)(c1ccccc1)c1ncccc1)CCN(C)C,0.63999999
163,3226,ClC(F)C(F)(F)OC(F)F,0.22
164,3230,OC1CCC2(C3C(CCC2C1(C)C)(C)C1(C(C2CC(CCC2(CC1)C)(C(O)=O)C)=CC3=O)C)C,-1.4
165,3282,O(CC)c1ccccc1C(=O)N,-0.050000001
166,3283,O(CC)CC,0
167,3308,O1CCc2c([nH]c3c2cccc3CC)C1(CC(O)=O)CC,-1.42
168,3310,O1C2C(OC(OC2)C)C(O)C(O)C1OC1C2C(C(c3c1cc1OCOc1c3)c1cc(OC)c(O)c(OC)c1)C(OC2)=O,-2
169,3345,O=C(N(C1CCN(CC1)CCc1ccccc1)c1ccccc1)CC,0.58999997
170,3348,OC(C1CCN(CC1)CCCC(O)c1ccc(cc1)C(C(O)=O)(C)C)(c1ccccc1)c1ccccc1,-0.98000002
171,3372,S1c2c(N(c3c1cccc3)CCCN1CCN(CC1)CCO)cc(cc2)C(F)(F)F,1.51
172,3373,Fc1cc2c(-n3c(CN(C)C2=O)c(nc3)C(OCC)=O)cc1,-0.28999999
173,3380,Fc1ccccc1C1=NCC(=O)N(c2c1cc([N+](=O)[O-])cc2)C,0.07
174,3386,FC(F)(F)c1ccc(OC(CCNC)c2ccccc2)cc1,0.72000003
175,3469,Oc1ccc(O)cc1C(O)=O,0.090000004
176,3510,O=C(NC1CC2N(C(C1)CCC2)C)c1nn(c2c1cccc2)C,-0.69
177,3559,Clc1ccc(cc1)C1(O)CCN(CC1)CCCC(=O)c1ccc(F)cc1,1.33
178,3562,BrC(Cl)C(F)(F)F,0.31999999
179,3608,O=C1N(C)C(=O)NC(=O)C1(C)C=1CCCCC=1,0.029999999
180,3658,Clc1ccc(cc1)C(N1CCN(CC1)CCOCCO)c1ccccc1,0.36000001
181,3672,OC(=O)C(C)c1ccc(cc1)CC(C)C,-0.18000001
182,3676,O=C(Nc1c(cccc1C)C)CN(CC)CC,0.34
183,3696,N(CCCN1c2c(CCc3c1cccc3)cccc2)(C)C,0.98000002
184,3715,Clc1ccc(cc1)C(=O)n1c2c(cc(OC)cc2)c(CC(O)=O)c1C,-1.26
185,3763,ClC(OC(F)F)C(F)(F)F,0.37
186,3776,OC(C)C,-0.15000001
187,3878,Clc1c(cccc1Cl)-c1nnc(nc1N)N,0.28999999
188,3955,Clc1ccc(cc1)C1(O)CCN(CC1)CCC(C(=O)N(C)C)(c1ccccc1)c1ccccc1,0.76999998
189,3958,Clc1ccccc1C1=NC(O)C(=O)Nc2c1cc(Cl)cc2,0.44
190,4046,FC(F)(F)c1c2nc(cc(c2ccc1)C(O)C1NCCCC1)C(F)(F)F,0.63
191,4078,S1c2c(N(c3c1cccc3)CCC1N(CCCC1)C)cc(S(=O)C)cc2,-0.28
192,4112,OC(=O)C(NC(=O)c1ccc(N(Cc2nc3c(nc(nc3N)N)nc2)C)cc1)CCC(O)=O,-1.51
193,4116,ClC(Cl)C(F)(F)OC,0.23
194,4171,O(CC(O)CNC(C)C)c1ccc(cc1)CCOC,1.15
195,4184,N12C(c3c(Cc4c1cccc4)cccc3)CN(CC2)C,0.99000001
196,4192,Clc1cc2c(-n3c(CN=C2c2ccccc2F)cnc3C)cc1,0.37
197,4205,n1c2N3C(c4c(Cc2ccc1)cccc4)CN(CC3)C,0.52999997
198,4421,O=C1c2ccc(nc2N(C=C1C(O)=O)CC)C,-0.66000003
199,4463,O=C1Nc2c(nccc2C)N(c2ncccc12)C1CC1,0
200,4585,S1C2=Nc3c(NC(N4CCN(CC4)C)=C2C=C1C)cccc3,0.77999997
201,4594,S(=O)(Cc1ncc(C)c(OC)c1C)c1[nH]c2cc(OC)ccc2n1,-0.81999999
202,4616,Clc1cc2c(NC(=O)C(O)N=C2c2ccccc2)cc1,0.60000002
203,4687,O=C1N(C)C(=O)Nc2ncn(c12)C,0.07
204,4736,Oc1cc2c(CC3N(CCC2(C)C3C)CC=C(C)C)cc1,0.50999999
205,4737,O=C1NC(=O)NC(=O)C1(C(CCC)C)CC,0.079999998
206,4781,OC=1N(N(C(=O)C=1CCCC)c1ccccc1)c1ccccc1,-0.51999998
207,4828,O(CC(O)CNC(C)C)c1c2c([nH]cc2)ccc1,-0.14
208,4909,O=C1NCNC(=O)C1(CC)c1ccccc1,-0.07
209,4914,O(C(=O)c1ccc(N)cc1)CCN(CC)CC,0.050000001
210,4926,S1c2c(N(c3c1cccc3)CCCN(C)C)cccc2,1.08
211,4943,Oc1c(cccc1C(C)C)C(C)C,0.63
212,4946,O(CC(O)CNC(C)C)c1c2c(ccc1)cccc2,0.83999997
213,4992,O(C)c1ccc(cc1)CN(CCN(C)C)c1ncccc1,0.49000001
214,5039,S(Cc1oc(cc1)CN(C)C)CCNC(=NC)C[N+](=O)[O-],-1.23
215,5064,O1C(CO)C(O)C(O)C1n1nc(nc1)C(=O)N,-0.67000002
216,5073,Fc1cc2onc(c2cc1)C1CCN(CC1)CCC=1C(=O)N2C(=NC=1C)CCCC2,-0.02
217,5092,O(c1cc(ccc1OC)C1CC(=O)NC1)C1CCCC1,0.61000001
218,5095,O=C1Nc2c(C1)c(ccc2)CCN(CCC)CCC,0.079999998
219,5142,S(C(N)=N)C,-0.60000002
220,5155,O1C(C=CC1N1C=C(C)C(=O)NC1=O)CO,-0.47999999
221,5184,O1C2C3N(C(CC(OC(=O)C(CO)c4ccccc4)C3)C12)C,0.23
222,5193,O=C1NC(=O)NC(=O)C1(C(CCC)C)CC=C,0.2
223,5206,FC(F)(F)C(OCF)C(F)(F)F,0.30000001
224,5253,S(=O)(=O)(Nc1ccc(cc1)C(O)CNC(C)C)C,-0.28
225,5265,Fc1ccc(cc1)C(=O)CCCN1CCC2(N(CNC2=O)c2ccccc2)CC1,0.25999999
226,5402,N(Cc1c2c(ccc1)cccc2)(CC=CC#CC(C)(C)C)C,0.079999998
227,5405,OC(C1CCN(CC1)CCCC(O)c1ccc(cc1)C(C)(C)C)(c1ccccc1)c1ccccc1,0.63999999
228,5429,O=C1NC(=O)N(c2ncn(c12)C)C,-0.28999999
229,5452,S1c2c(N(c3c1cccc3)CCC1N(CCCC1)C)cc(SC)cc2,0.25999999
230,5538,OC(=O)C=C(C=CC=C(C=CC=1C(CCCC=1C)(C)C)C)C,-0.49000001
231,5556,Clc1ccccc1C1=NCc2n(-c3c1cc(Cl)cc3)c(nn2)C,0.67000002
232,5566,S1c2c(N(c3c1cccc3)CCCN1CCN(CC1)C)cc(cc2)C(F)(F)F,1.4299999
233,5568,S1c2c(N(c3c1cccc3)CCCN(C)C)cc(cc2)C(F)(F)F,1.4400001
234,5726,O1C(CO)C([N-][N+]#N)CC1N1C=C(C)C(=O)NC1=O,-0.74000001
235,5732,O=C(N(C)C)Cc1n2C=C(C=Cc2nc1-c1ccc(cc1)C)C,-0.47999999
236,5760,O(C(=O)c1ccccc1)C1CC2N(C(CC2)C1C(OC)=O)C,0.60000002
237,5917,n12nnnc1CCCCC2,-0.029999999
238,5953,O(C)c1cc2c(nccc2C(O)C2N3CC(C(C2)CC3)C=C)cc1,-0.20999999
239,5978,O(C(=O)C)C1C2(C3N(CCC34C(N(c3cc(OC)c(cc34)C3(CC4CC(O)(CN(C4)CCc4c3[nH]c3c4cccc3)CC)C(OC)=O)C=O)C1(O)C(OC)=O)CC=C2)CC,-1.03
240,5983,O(C(=O)NC)c1cc2c(N(C3N(CCC23C)C)C)cc1,0.079999998
241,6009,O=C1N(N(C)C(C)=C1N(C)C)c1ccccc1,0
242,6047,Oc1cc(ccc1O)CC(N)C(O)=O,-0.77999997
243,6085,O(C)c1cc2C3C(Cc2cc1OC)CN(C3)CCCC,0.31
244,6212,ClC(Cl)Cl,0.25999999
245,6251,OC(C(O)C(O)CO)C(O)CO,-1.6
246,6276,OCCCCC,0.2
247,6278,ClC(Cl)(Cl)C,0.23999999
248,6344,ClCCl,-0.17
249,6351,C1CC1,0.029999999
250,6354,O1CC1,0.0099999998
251,6358,BrC(C)C,0.56
252,6365,ClC(Cl)C,-0.28
253,6386,OC(C)(C)C,0.11
254,6403,C(CC)(C)(C)C,1.03
255,6405,OC(CC)(C)C,0.07
256,6408,ClCC(F)(F)F,-0.079999998
257,6468,N1(CCCCC1)C1(CCCCC1)c1ccccc1,0.57999998
258,6473,O=C1NC(=O)NC(=O)C1(CCCC)CC,0.19
259,6560,OCC(C)C,-0.17
260,6569,O=C(CC)C,-0.07
261,6574,ClC(Cl)CCl,-0.1
262,6575,ClC(Cl)=CCl,0.30000001
263,6584,O(C(=O)C)C,-0.13
264,6623,Oc1ccc(cc1)C(C)(C)c1ccc(O)cc1,-0.12
265,7174,O(C(=O)c1ccc(N)cc1)CCC,0.55000001
266,7237,c1cccc(C)c1C,0.38999999
267,7247,c1c(C)c(ccc1C)C,0.16
268,7282,C(CC)(CC)C,1.01
269,7296,C1CCCC1C,0.93000001
270,7366,c1ccccc1C(C)(C)C,0.43000001
271,7394,Clc1ccc(cc1)C(F)(F)F,0.17
272,7500,c1ccccc1CC,0.22
273,7501,c1ccccc1C=C,0.44999999
274,7558,N(C(CC1CCCCC1)C)C,1.08
275,7809,c1cc(ccc1C)C,0.33000001
276,7840,BrCCC,0.27000001
277,7845,C(C=C)=C,-0.17
278,7855,N#CC=C,-0.40000001
279,7859,OCC#C,-0.23
280,7892,C(CCC)(C)C,0.98000002
281,7895,O=C(CCC)C,-0.0099999998
282,7915,O(C(C)C)C(=O)C,0.40000001
283,7929,c1c(cccc1C)C,0.28
284,7962,C1CCCCC1C,0.95999998
285,7997,O(C(=O)C)CCC,0.12
286,8003,C(CC)CC,0.75
287,8038,O(C(=O)C)CC(C)C,0.44999999
288,8058,C(CCC)CC,0.77999997
289,8078,C1CCCCC1,0.95999998
290,8125,C(CCC=C)CCC,0.74000001
291,8141,C(CCCC)CCCC,0.51999998
292,8252,C(C)=C,-0.059999999
293,8522,IC=1C(=O)N(N(C)C=1C)c1ccccc1,-0.1
294,8723,OCC(CC)C,0.039999999
295,8857,O(C(=O)C)CC,0
296,8900,C(CCC)CCC,0.75999999
297,8942,O=C1NC(=O)NC(=O)C1(CCCCCC)CC,0.36000001
298,9034,O=C1N(C)C(=O)NC(=O)C1(C(C#CCC)C)CC=C,-0.07
299,9651,O1c2c3C4(C1CC(O)C=C4)CCN(Cc3ccc2OC)C,0.31999999
300,9664,ClC=C(F)F,-0.02
301,9844,FC(F)(F)COC=C,0.13
302,10253,Oc1ccccc1C(=O)NCC(O)=O,-0.44
303,11416,C1CCCC(C)C1C,1.0700001
304,11594,C(CCCCC)(C)C,0.86000001
305,12348,O(C(=O)C)CCCCC,0.40000001
306,12418,ClC(Cl)(Cl)CCl,0.33000001
307,12512,O(C(C)(C)C)CC,0.22
308,12598,S1c2c(N(c3c1cccc3)CCCN1CCN(CC1)C)cc(cc2)C(=O)CCC,0.82999998
309,13342,O(C(=O)C)C1C2(C3N(CCC34C(N(c3cc(OC)c(cc34)C3(CC4CC(O)(CN(C4)CCc4c3[nH]c3c4cccc3)CC)C(OC)=O)C)C1(O)C(OC)=O)CC=C2)CC,-0.07
310,13379,C(CCCCCCC)(C)C,1.05
311,13381,C(CCCC=C)CCCC,0.95999998
312,15413,O(C(C)(C)C)C,0.36000001
313,15600,C(CCCCC)CCCC,0.67000002
314,17358,S(F)(F)(F)(F)(F)F,0.37
315,18047,O(CC(O)CNC(C)C)c1cc(ccc1)C,0.34
316,18508,C1CCCCC1C(C)(C)C,0.61000001
317,18591,C(CCCCCC)(C)C,0.98000002
318,22407,O=C1N2C(C3CC(C2)CNC3)=CC=C1,-1.09
319,24066,O1C(CCC1N1C=CC(=NC1=O)N)CO,-1.1799999
320,28315,S1c2c(N(c3c1cccc3)CCCNC)cccc2,0.58999997
321,30322,O1C(C)C(OC2OC(C)C(O)C(O)C2)C(O)CC1OC1C(OC(OC2CC3CCC4C(CC(O)C5(C)C(CCC45O)C4=CC(OC4)=O)C3(CC2)C)CC1O)C,-1.23
322,31272,O(C(=O)C)CCCC,0.28
323,31276,O(C(=O)C)CCC(C)C,0.55000001
324,31285,C(CCCC)CCC=C,0.86000001
325,31300,BrC(F)C(F)(F)F,0.27000001
326,31373,ClC(Cl)=C(Cl)Cl,0.37
327,31423,c12c3c4ccc1cccc2ccc3ccc4,0.23
328,31703,O1C(C)C(O)C(N)CC1OC1CC(O)(Cc2c1c(O)c1c(C(=O)c3c(C1=O)c(OC)ccc3)c2O)C(=O)CO,-0.82999998
329,31765,S1c2c(N(c3c1cccc3)CCC1N(CCCC1)C)cc(S(=O)(=O)C)cc2,0.18000001
330,33039,FC1CC(OC1CO)N1C=C(C)C(=O)NC1=O,-0.58999997
331,37614,O1c2c(OC1)cc1N(OC)C=C(C(O)=O)C(=O)c1c2,-0.92000002
332,42113,FC(OC(F)F)C(F)(F)F,0.11
333,47811,S(CC1CC2C(N(C1)CCC)Cc1c3c2cccc3[nH]c1)C,0.30000001
334,50287,s1cc(nc1N=C(N)N)CSCCNC(NC)=NC#N,-0.81999999
335,51670,S(Cc1oc(cc1)C(N)(C)C)CCNC=1NC(=O)C(=CN=1)Cc1ccc(nc1)C,-1.0599999
336,53024,S1C(SC1=C(C(=O)N)C(O)=O)C(=O)NC1(OC)C2SCC(CSc3nnnn3C)=C(N2C1=O)C(O)=O,-1.89
337,55482,Brc1cc(C)c(nc1)CCCCNC=1NC(=O)C(=CN=1)Cc1ccc(nc1)C,-1.88
338,57347,Fc1ccc(cc1)C(=O)NCCN1CCN(CC1)c1c2OCC(Oc2ccc1)CO,-0.44999999
339,60944,OC1Cc2c(cccc2)C1NC(=O)C(Cc1ccccc1)CC(O)CN1CCN(CC1C(=O)NC(C)(C)C)Cc1cccnc1,-0.74000001
340,60949,O=C1CC(CC1)c1[nH]c2N(CCC)C(=O)N(CCC)C(=O)c2n1,-1.4
341,61247,O(C(CC)(C)C)C,0.17
342,62875,Clc1cc2N(c3c(Sc2cc1)cccc3)CCCNC,1.38
343,64143,S(CC(NC(=O)c1cccc(O)c1C)C(O)CN1CC2C(CC1C(=O)NC(C)(C)C)CCCC2)c1ccccc1,-0.93000001
344,64814,OC(CC(=O)N)(CC)c1ccccc1,0.039999999
345,65016,S(=O)(=O)(N(CC(C)C)CC(O)C(NC(OC1CCOC1)=O)Cc1ccccc1)c1ccc(N)cc1,-0.56
346,66724,OC(=O)c1ccc(cc1)-c1ccccc1,-1.26
347,67101,FC1CC2C3C(CCC2(C)C1O)c1c(cc(O)cc1)CC3,-0.30000001
348,68617,Clc1cc(ccc1Cl)C1CCC(NC)c2c1cccc2,1.6
349,69460,N1CCCc2c1cccc2,0.67000002
350,72108,O(C)c1cccnc1CCCCNC=1NC(=O)C(=CN=1)Cc1ccc(nc1)C,-2
351,74981,Clc1cc2N(c3c(Sc2cc1)cccc3)CCCN,0.97000003
352,77501,O(CCCCOC=C)C=C,0.12
353,77991,O(C(=O)N(CC)C)c1cc(ccc1)C(N(C)C)C,0.88
354,80554,n1ccccc1CCN(C)C,-0.27000001
355,83909,ClCCN(CCCl)c1ccc(cc1)CCCC(OC(C)(C)C)=O,1
356,87653,s1ccnc1CCN,-0.41999999
357,89657,Clc1cc2N(C(=O)CC(=O)Nc2cc1)c1ccccc1,0.34999999
358,90274,Clc1cc(Cl)ccc1N=C1NCCN1,0.16
359,91517,C1C(C)C(CCC1C)C,1.02
360,91769,s1c2c(nc1NCCCOc1cc(ccc1)CN1CCCCC1)cccc2,0.14
361,92242,FCC(O)Cn1ccnc1[N+](=O)[O-],-0.0099999998
362,92375,[O-][n+]1ccc(cc1)C=[N+]([O-])C(C)(C)C,-0.38
363,94957,Fc1ccc(N2N(C)C(=CC2=O)C)cc1,-0.050000001
364,95705,O=C1NC(=O)NC(=O)C1(CC)C,-0.22
365,104972,O(C)c1cc(ccc1OC)C(C(C)C)(CCCNCCc1cc(OC)c(OC)cc1)C#N,-0.63999999
366,107917,Clc1cc2c(-n3c(CN=C2c2ccccc2F)cnc3CO)cc1,-0.079999998
367,107926,Brc1c2c(-n3c(C4N(CCC4)C2=O)c(nc3)C(OC(C)(C)C)=O)ccc1,-0.090000004
368,114376,S1c2c(N(c3c1cccc3)CCC1CCCNC1)cc(SC)cc2,0.75999999
369,115237,Fc1cc2onc(c2cc1)C1CCN(CC1)CCC=1C(=O)N2C(=NC=1C)C(O)CCC2,-0.67000002
370,119146,Fc1ccc(cc1)C(=O)CCCN1CCC2(N(CN(C)C2=O)c2ccccc2)CC1,0.46000001
371,119329,O=C1NC2(CCCC2)C(=O)NC1C,-0.25999999
372,121249,Oc1cc2CCc3c(N(c2cc1)CCCNC)cccc3,0.52999997
373,124449,Clc1cc2c(-n3c(cnc3C)C(O)N=C2c2ccccc2F)cc1,-0.22
374,126761,Fc1cc2c(-n3c(CN(CCF)C2=O)c(nc3)C(OCC)=O)cc1,-0.14
375,127382,s1c2c(-n3c(CN(C)C2=O)c(nc3)C(OC(C)(C)C)=O)cc1,-0.25
376,129710,Clc1c2c(-n3c(CN(C)C2=O)c(nc3)-c2nc(on2)C(C)C)ccc1,-0.30000001
377,133741,Oc1c2NC(=O)Cc2c(cc1)CCN(CCC)CCC,-0.43000001
378,156386,Brc1ccc(N2CNC(=O)C23CCN(CC3)CCCC(=O)c2ccc(F)cc2)cc1,0.07
379,159642,NCCCN1c2c(CCc3c1cccc3)cccc2,1.05
380,162244,Clc1cc2c(-n3c(nnc3CO)CN=C2c2ccccc2)cc1,-1.28
381,166560,O1c2c(C3CN(CCC3(O)c3c1cccc3)C)cccc2C,0.81999999
382,174174,O(C(=O)C(CO)c1ccccc1)C1CC2N(C(C1)CC2)C,-0.059999999
383,182017,Clc1cc2c(-n3c(nnc3C)C(O)N=C2c2ccccc2)cc1,-1.48
384,192706,O(C(=O)Nc1ccccc1)c1cc2c(N(C3N(CCC23C)C)C)cc1,1
385,198752,O=C(CCC1CCN(CC1)Cc1ccccc1)c1cc2NCCCCc2cc1,1.14
386,204104,Fc1ccc(Nc2nc(C)c(C)c(n2)N2CCc3c(cccc3)C2C)cc1,0.68000001
387,343473,O=C1NC(=O)NC(=O)C1(CCCCCCC)CC,0.02
388,346516,O=C1NC(=O)NC(=O)C1(CCC)CC,0.090000004
389,441243,OC(C(NC(=O)C(NC(=O)c1nc2c(cc1)cccc2)CC(=O)N)Cc1ccccc1)CN1CC2C(CC1C(=O)NC(C)(C)C)CCCC2,-0.94999999
390,444008,OC1(CCC2C3C(C4=C(CC3C)CC(=O)CC4)CCC12C)C#C,0.40000001
391,444031,O1CCc2cc(ccc12)CCN1CC(CC1)C(C(=O)N)(c1ccccc1)c1ccccc1,-0.62
392,475100,Fc1cc2onc(c2cc1)C1CCN(CC1)CCC=1C(=O)N2CC(O)CCC2=NC=1C,-0.67000002
393,547559,S1(=O)c2c(N(c3c1cccc3)CCCN(C)C)cccc2,-0.47999999
394,638186,ClC=CCl,0.039999999
395,2733526,O(CCN(C)C)c1ccc(cc1)C(=C(CC)c1ccccc1)c1ccccc1,0.92000002
396,2776666,s1cc(nc1NC(N)=N)C,-0.039999999
397,3000715,S=C1NC(=O)C(C(CCC)C)(CC)C(=O)N1,-0.19
398,3035905,S=C(NC1CCCCC1)N1CCC(CC1)c1nc[nH]c1,-0.17
399,3763607,s1cc(nc1NC(N)=N)-c1ccccc1,-0.18000001
400,3946663,O=C(NC(CC)c1ccccc1)c1c2c(nc(-c3ccccc3)c1C)cccc2,0.30000001
401,5281708,O1C=C(C(=O)c2c1cc(O)cc2)c1ccc(O)cc1,-0.15000001
402,5284371,O1C2C34C(C(N(CC3)C)Cc3c4c1c(OC)cc3)C=CC2O,0.44999999
403,5288826,O1C2C34C(C(N(CC3)C)Cc3c4c1c(O)cc3)C=CC2O,-0.25999999
404,5324346,FC(F)(F)c1ccc(cc1)C(=NOCCN)CCCCOC,0.79000002
405,5359272,Oc1cc2C34C(C(N(CC3)C)Cc2cc1)CCCC4,0
406,7138787,s1cc(nc1CCN)-c1ccccc1,-0.87
407,9796408,Clc1nc(N2CCNCC2)ccc1C(F)(F)F,1.64
408,9861160,o1nc(c2c1cccc2)-c1ccccc1C(N)CC=C,0
409,9864749,IC=CCN1CCC(CC1)COc1ccc(cc1)C#N,1.13
410,9903970,Clc1cc2C3C(c4c(Oc2cc1)cccc4)CN(C3)C,1.03
411,9907401,FC(F)(F)c1cc(ncc1)N1CCN(CC1)CCCCN1CCCC1=O,0.16
412,9971484,O(CCCNC(=O)C)c1cc(ccc1)CN1CCCCC1,-0.46000001
413,10011896,S(CCF)C(N)=N,-0.27000001
414,10019237,O(CCCNc1ncccc1)c1cc(ccc1)CN1CCCCC1,0.69
415,10091748,Clc1c2c(-n3c(CN(C)C2=O)c(nc3)-c2nc(on2)C(O)(CO)C)ccc1,-1.8200001
416,10313352,[O-][N+](=Cc1ccccc1)C(C)(C)C,0.050000001
417,10352163,FCCCn1ccnc1[N+](=O)[O-],-0.23999999
418,10377120,FCCCCCCCCn1ccnc1[N+](=O)[O-],-0.17
419,10384745,Clc1c2c(-n3c(CN(C)C2=O)c(nc3)-c2nc(on2)C(O)(C)C)ccc1,-1.34
420,10444765,O(CCCO)c1cc(ccc1)CN1CCCCC1,-0.02
421,10451635,Ic1cc(ccc1N)-c1sc2cc(O)ccc2n1,0.18000001
422,11115931,C(CCC)(CC)C,0.89999998
423,12780299,Ic1ccc(cc1CN1CCCCC1)CN1CCCCC1,0.98000002
424,12889418,[nH]1nc(nc1N)-c1cc(ncc1)N(C)C,-1.17
425,13720676,Ic1ccc(N2CCN(CC2)CCCCCC)cc1,1.01
426,13755681,O=C1NC(=O)NC(=O)C1(CCCCCCCC)CC,0.23999999
427,14022480,Brc1cccnc1CSCCNc1[nH]ccc1[N+](=O)[O-],-0.67000002
428,14022481,S(Cc1ncccc1)CCNc1[nH]ccc1[N+](=O)[O-],-0.66000003
429,14022483,S(Cc1ncccc1)CCNc1[nH]cc(Cc2ccccc2)c1[N+](=O)[O-],-0.12
430,14022484,S(Cc1oc(cc1)CN(C)C)CCNc1[nH]cc(Cc2ccccc2)c1[N+](=O)[O-],-0.73000002
431,14022497,s1ccnc1NCCCOc1cc(ccc1)CN1CCCCC1,0.44
432,14022499,o1c2c(nc1NCCCOc1cc(ccc1)CN1CCCCC1)cccc2,0.22
433,14022509,s1cc(nc1N=C(N)N)-c1cc(N)ccc1,-1.15
434,14022517,Brc1cccnc1CSCCNC(NC#N)=NCC,-2.1500001
435,14022519,s1cc(nc1N=C(N)N)-c1cc(NC(NC)=NC#N)ccc1,-1.54
436,18356503,BrC(Cl)CC(F)(F)F,0.34999999
437,22154175,O1c2c(C3CNCCC3(O)c3c1cccc3)cccc2C,0.51999998
438,23235109,BrC(F)CC(F)(F)F,0.27000001
439,45268400,BrC1NCC2CC1C=1N(C2)C(=O)C=CC=1,-0.050000001
